,dt,sunrise,sunset,pressure,humidity,dew_point,wind_speed,wind_deg,wind_gust,clouds,pop,uvi,rain,snow,temp_day,temp_min,temp_max,temp_night,temp_eve,temp_morn,feels_like_day,feels_like_night,feels_like_eve,feels_like_morn,weather_id,weather_main,weather_description,city_name
0,2023-02-20 13:00:00,2023-02-20 08:05:53,2023-02-20 18:34:05,1028,71,5.56,2.06,208,2.25,3,0.0,1.85,,,10.81,4.52,10.81,7.4,7.46,4.75,9.8,6.81,7.46,3.15,800.0,Clear,clear sky,Mont Saint-Michel
1,2023-02-21 13:00:00,2023-02-21 08:04:04,2023-02-21 18:35:42,1018,64,5.72,2.67,139,4.01,93,0.08,1.71,,,12.5,5.32,13.44,8.66,9.88,5.43,11.48,7.86,9.43,3.54,804.0,Clouds,overcast clouds,Mont Saint-Michel
2,2023-02-22 13:00:00,2023-02-22 08:02:13,2023-02-22 18:37:18,1015,88,5.93,6.78,318,10.43,100,0.77,1.24,3.6,,8.0,4.48,9.18,4.48,6.31,8.7,4.68,2.21,2.76,7.03,500.0,Rain,light rain,Mont Saint-Michel
3,2023-02-23 13:00:00,2023-02-23 08:00:22,2023-02-23 18:38:55,1018,76,3.98,7.16,31,12.58,100,0.72,1.72,0.5,,8.1,3.83,9.03,6.18,6.88,5.1,4.9,2.04,2.94,4.15,500.0,Rain,light rain,Mont Saint-Michel
4,2023-02-24 13:00:00,2023-02-24 07:58:29,2023-02-24 18:40:31,1015,67,3.02,6.72,29,12.65,76,0.0,0.83,,,8.98,2.31,9.96,4.61,6.93,2.54,6.21,1.99,4.91,-0.9,803.0,Clouds,broken clouds,Mont Saint-Michel
5,2023-02-25 13:00:00,2023-02-25 07:56:35,2023-02-25 18:42:07,1019,59,0.22,8.15,41,12.38,80,0.0,1.0,,,7.93,2.02,7.93,3.41,4.78,2.02,4.1,-0.54,0.41,-1.9,803.0,Clouds,broken clouds,Mont Saint-Michel
6,2023-02-26 13:00:00,2023-02-26 07:54:41,2023-02-26 18:43:42,1024,48,-2.95,8.0,56,12.53,54,0.0,1.0,,,7.44,2.47,7.74,2.92,4.51,3.09,3.34,-1.39,0.64,-1.23,803.0,Clouds,broken clouds,Mont Saint-Michel
7,2023-02-20 13:00:00,2023-02-20 08:07:58,2023-02-20 18:36:07,1028,75,5.68,3.16,220,3.49,0,0.0,1.84,,,9.96,6.01,9.96,7.87,7.4,6.05,9.96,7.16,6.05,4.0,800.0,Clear,clear sky,Saint-Malo
8,2023-02-21 13:00:00,2023-02-21 08:06:08,2023-02-21 18:37:44,1018,71,5.48,3.24,142,4.36,92,0.28,1.7,0.2,,10.68,6.42,12.13,9.46,10.95,6.61,9.66,7.74,10.14,4.73,500.0,Rain,light rain,Saint-Malo
9,2023-02-22 13:00:00,2023-02-22 08:04:18,2023-02-22 18:39:21,1015,81,5.43,8.44,315,11.02,100,0.87,1.23,2.13,,8.52,5.72,9.54,5.72,6.99,8.68,5.03,2.3,3.09,6.37,500.0,Rain,light rain,Saint-Malo
10,2023-02-23 13:00:00,2023-02-23 08:02:26,2023-02-23 18:40:57,1018,85,4.38,9.79,39,13.11,100,0.81,1.62,4.4,,6.84,5.14,7.8,6.88,7.37,6.16,2.47,2.26,2.78,3.09,500.0,Rain,light rain,Saint-Malo
11,2023-02-24 13:00:00,2023-02-24 08:00:33,2023-02-24 18:42:33,1015,71,2.98,8.83,35,12.15,84,0.05,1.0,,,7.91,5.3,8.85,7.02,8.3,5.48,4.55,4.08,5.41,1.13,803.0,Clouds,broken clouds,Saint-Malo
12,2023-02-25 13:00:00,2023-02-25 07:58:40,2023-02-25 18:44:09,1020,62,0.74,9.64,41,12.88,90,0.0,1.0,,,7.58,4.87,7.58,5.8,6.19,4.87,3.38,1.12,1.34,0.34,804.0,Clouds,overcast clouds,Saint-Malo
13,2023-02-26 13:00:00,2023-02-26 07:56:45,2023-02-26 18:45:44,1025,55,-1.27,9.97,43,12.73,88,0.0,1.0,,,7.26,4.94,7.49,5.23,6.27,5.18,2.74,0.13,1.72,0.08,804.0,Clouds,overcast clouds,Saint-Malo
14,2023-02-20 13:00:00,2023-02-20 08:03:46,2023-02-20 18:29:43,1028,75,6.85,4.09,241,7.86,27,0.0,1.85,,,11.25,4.38,13.14,6.3,12.06,4.42,10.39,6.3,11.49,1.32,802.0,Clouds,scattered clouds,Bayeux
15,2023-02-21 13:00:00,2023-02-21 08:01:54,2023-02-21 18:31:23,1019,62,5.08,2.72,213,3.21,82,0.28,1.66,0.1,,12.28,4.83,13.72,8.54,9.61,4.96,11.18,7.0,9.61,3.2,500.0,Rain,light rain,Bayeux
16,2023-02-22 13:00:00,2023-02-22 08:00:01,2023-02-22 18:33:02,1014,92,6.43,6.17,307,9.18,100,0.87,0.95,1.84,,7.73,4.93,9.82,5.54,5.74,8.21,4.3,2.67,2.29,6.28,500.0,Rain,light rain,Bayeux
17,2023-02-23 13:00:00,2023-02-23 07:58:07,2023-02-23 18:34:41,1018,79,4.23,9.35,38,13.03,100,0.79,1.54,3.64,,7.6,4.55,8.1,6.41,6.92,5.67,4.27,2.28,2.35,1.74,500.0,Rain,light rain,Bayeux
18,2023-02-24 13:00:00,2023-02-24 07:56:12,2023-02-24 18:36:19,1015,74,4.16,6.59,59,11.11,99,0.32,1.48,0.25,,8.45,3.74,8.62,5.99,6.99,3.78,5.63,1.93,5.71,0.46,500.0,Rain,light rain,Bayeux
19,2023-02-25 13:00:00,2023-02-25 07:54:16,2023-02-25 18:37:58,1020,67,0.52,8.12,41,12.33,99,0.2,2.0,1.04,,6.27,3.94,6.27,5.14,5.81,4.86,2.08,0.34,1.19,0.55,500.0,Rain,light rain,Bayeux
20,2023-02-26 13:00:00,2023-02-26 07:52:19,2023-02-26 18:39:35,1025,57,-1.62,9.35,63,13.21,57,0.2,2.0,0.76,,6.39,4.17,6.53,4.17,4.95,5.35,2.23,-1.33,0.05,0.34,500.0,Rain,light rain,Bayeux
21,2023-02-20 13:00:00,2023-02-20 08:00:55,2023-02-20 18:26:06,1028,86,6.52,5.09,249,8.1,68,0.0,1.88,,,8.85,6.69,8.99,8.02,8.49,6.75,6.76,8.02,8.49,3.57,803.0,Clouds,broken clouds,Le Havre
22,2023-02-21 13:00:00,2023-02-21 07:59:02,2023-02-21 18:27:46,1019,67,4.77,3.51,159,4.32,79,0.0,1.69,,,10.78,6.22,12.1,9.09,10.81,6.39,9.66,7.49,9.85,4.54,803.0,Clouds,broken clouds,Le Havre
23,2023-02-22 13:00:00,2023-02-22 07:57:08,2023-02-22 18:29:26,1013,93,8.01,6.8,298,9.11,100,1.0,1.33,3.39,,9.14,7.08,9.14,7.08,7.81,8.79,6.66,4.87,4.79,7.06,500.0,Rain,light rain,Le Havre
24,2023-02-23 13:00:00,2023-02-23 07:55:13,2023-02-23 18:31:06,1018,71,3.51,9.24,34,11.67,100,0.54,1.39,1.49,,8.5,6.02,8.93,6.55,7.47,6.21,5.47,2.81,3.19,2.57,500.0,Rain,light rain,Le Havre
25,2023-02-24 13:00:00,2023-02-24 07:53:17,2023-02-24 18:32:45,1014,77,4.32,6.57,38,9.94,100,0.46,1.06,,,8.18,4.95,8.39,6.28,7.82,5.02,5.29,2.41,5.5,1.69,804.0,Clouds,overcast clouds,Le Havre
26,2023-02-25 13:00:00,2023-02-25 07:51:20,2023-02-25 18:34:24,1020,65,0.22,8.5,39,12.28,98,0.26,2.0,0.52,,6.37,4.38,6.94,5.64,6.09,4.42,2.28,1.0,1.44,0.16,500.0,Rain,light rain,Le Havre
27,2023-02-26 13:00:00,2023-02-26 07:49:22,2023-02-26 18:36:03,1025,51,-3.21,8.58,32,12.32,9,0.37,2.0,0.71,,6.54,4.13,6.71,4.13,5.44,5.44,2.37,-0.83,0.66,0.63,500.0,Rain,light rain,Le Havre
28,2023-02-20 13:00:00,2023-02-20 07:56:53,2023-02-20 18:22:14,1027,71,5.84,3.9,274,8.74,37,0.0,1.92,,,11.25,3.74,12.0,5.7,10.13,3.97,10.28,5.7,9.1,1.54,802.0,Clouds,scattered clouds,Rouen
29,2023-02-21 13:00:00,2023-02-21 07:55:00,2023-02-21 18:23:54,1019,61,4.63,2.34,143,3.1,48,0.0,1.68,,,12.4,4.27,13.6,8.13,9.77,4.43,11.29,7.16,8.81,4.43,802.0,Clouds,scattered clouds,Rouen
30,2023-02-22 13:00:00,2023-02-22 07:53:07,2023-02-22 18:25:34,1013,96,7.69,4.83,292,8.87,100,0.94,0.72,3.98,,8.69,6.17,9.07,6.17,7.18,7.8,7.17,4.27,4.21,7.8,500.0,Rain,light rain,Rouen
31,2023-02-23 13:00:00,2023-02-23 07:51:12,2023-02-23 18:27:14,1017,73,3.61,5.69,30,11.39,94,0.21,1.37,,,8.6,3.2,9.9,4.72,6.7,3.2,6.09,0.81,3.17,1.3,804.0,Clouds,overcast clouds,Rouen
32,2023-02-24 13:00:00,2023-02-24 07:49:16,2023-02-24 18:28:53,1014,73,3.81,4.75,329,9.25,100,0.35,1.02,0.64,,8.86,1.43,8.86,5.85,6.49,1.43,6.27,2.86,4.45,-1.28,500.0,Rain,light rain,Rouen
33,2023-02-25 13:00:00,2023-02-25 07:47:19,2023-02-25 18:30:32,1019,59,-0.59,7.29,15,12.67,70,0.2,2.0,0.13,,7.33,2.67,7.33,2.67,4.13,3.33,3.47,-1.59,-0.17,-0.02,500.0,Rain,light rain,Rouen
34,2023-02-26 13:00:00,2023-02-26 07:45:22,2023-02-26 18:32:10,1024,41,-6.07,6.39,32,12.86,1,0.07,2.0,,,6.53,1.07,6.53,1.2,2.54,1.11,2.87,-3.48,-0.78,-3.47,800.0,Clear,clear sky,Rouen
35,2023-02-20 13:00:00,2023-02-20 07:50:58,2023-02-20 18:18:21,1028,51,2.38,2.15,244,4.58,23,0.0,1.98,,,12.47,6.09,13.6,9.53,12.6,6.29,11.1,9.53,11.56,5.18,801.0,Clouds,few clouds,Paris
36,2023-02-21 13:00:00,2023-02-21 07:49:08,2023-02-21 18:19:59,1020,49,2.02,1.79,110,3.08,41,0.0,1.67,,,12.64,6.45,14.43,10.43,12.14,6.69,11.24,9.23,10.87,6.69,802.0,Clouds,scattered clouds,Paris
37,2023-02-22 13:00:00,2023-02-22 07:47:16,2023-02-22 18:21:36,1013,86,7.93,3.97,308,7.68,100,0.85,0.45,1.61,,10.3,7.71,10.39,7.71,9.59,9.35,9.63,5.6,8.81,8.39,500.0,Rain,light rain,Paris
38,2023-02-23 13:00:00,2023-02-23 07:45:24,2023-02-23 18:23:14,1016,77,3.73,4.57,23,9.56,100,0.86,1.21,0.85,,7.75,6.67,9.12,8.05,9.08,6.67,5.64,5.34,7.09,5.24,500.0,Rain,light rain,Paris
39,2023-02-24 13:00:00,2023-02-24 07:43:30,2023-02-24 18:24:51,1013,47,-3.13,4.31,22,9.48,100,0.15,1.19,,,7.62,5.34,8.96,7.0,7.79,5.34,6.18,4.61,5.99,2.84,804.0,Clouds,overcast clouds,Paris
40,2023-02-25 13:00:00,2023-02-25 07:41:36,2023-02-25 18:26:27,1017,47,-2.92,5.81,15,10.21,48,0.0,2.0,,,7.97,3.16,8.27,4.41,6.3,3.16,4.96,0.59,3.15,0.47,802.0,Clouds,scattered clouds,Paris
41,2023-02-26 13:00:00,2023-02-26 07:39:40,2023-02-26 18:28:03,1022,34,-8.6,6.58,41,11.54,3,0.0,2.0,,,6.28,1.55,7.04,3.36,5.02,1.55,2.3,-0.86,1.37,-2.67,800.0,Clear,clear sky,Paris
42,2023-02-20 13:00:00,2023-02-20 07:52:54,2023-02-20 18:16:37,1027,74,5.51,5.14,267,10.4,64,0.0,1.88,,,10.24,4.09,10.91,6.18,8.88,4.44,9.25,4.62,7.35,1.42,803.0,Clouds,broken clouds,Amiens
43,2023-02-21 13:00:00,2023-02-21 07:50:59,2023-02-21 18:18:19,1020,58,3.9,2.07,177,2.56,24,0.0,1.65,,,12.2,4.41,13.38,8.3,9.74,4.66,10.99,7.24,8.96,4.66,801.0,Clouds,few clouds,Amiens
44,2023-02-22 13:00:00,2023-02-22 07:49:04,2023-02-22 18:20:00,1013,92,7.46,5.03,286,8.59,100,0.94,0.52,4.01,,9.02,6.73,9.02,6.98,8.31,6.73,7.63,4.7,6.51,5.1,500.0,Rain,light rain,Amiens
45,2023-02-23 13:00:00,2023-02-23 07:47:07,2023-02-23 18:21:42,1017,66,3.24,5.91,19,9.9,80,0.73,1.54,0.14,,9.64,4.18,9.97,5.47,6.72,4.45,7.61,2.1,3.12,2.46,500.0,Rain,light rain,Amiens
46,2023-02-24 13:00:00,2023-02-24 07:45:10,2023-02-24 18:23:23,1013,78,3.78,5.29,311,9.07,100,0.34,1.56,0.34,,7.72,0.95,7.72,2.59,5.68,0.95,4.8,-0.31,3.05,-1.59,500.0,Rain,light rain,Amiens
47,2023-02-25 13:00:00,2023-02-25 07:43:11,2023-02-25 18:25:03,1018,60,-0.24,7.15,14,11.42,39,0.0,2.0,,,7.21,1.47,7.3,1.97,3.84,1.47,3.32,-1.62,-0.47,-2.47,802.0,Clouds,scattered clouds,Amiens
48,2023-02-26 13:00:00,2023-02-26 07:41:12,2023-02-26 18:26:44,1024,46,-5.49,5.93,28,11.63,18,0.0,2.0,,,5.47,0.05,5.82,1.23,2.75,0.05,1.76,-3.31,-1.43,-4.65,801.0,Clouds,few clouds,Amiens
49,2023-02-20 13:00:00,2023-02-20 07:51:12,2023-02-20 18:12:10,1025,73,7.13,6.77,256,12.67,87,0.0,1.75,,,11.73,6.18,11.73,9.37,8.87,6.98,10.86,7.23,6.22,3.56,804.0,Clouds,overcast clouds,Lille
50,2023-02-21 13:00:00,2023-02-21 07:49:14,2023-02-21 18:13:55,1020,63,5.33,3.52,260,6.36,65,0.0,1.55,,,12.09,6.37,13.52,8.62,10.22,6.57,11.0,7.39,8.89,5.0,803.0,Clouds,broken clouds,Lille
51,2023-02-22 13:00:00,2023-02-22 07:47:16,2023-02-22 18:15:40,1012,86,6.72,3.19,269,6.34,100,0.94,0.45,2.06,,9.04,7.15,9.04,7.98,8.42,7.32,7.52,5.97,7.1,5.71,500.0,Rain,light rain,Lille
52,2023-02-23 13:00:00,2023-02-23 07:45:16,2023-02-23 18:17:24,1017,71,4.4,5.78,14,7.63,94,0.76,1.13,0.43,,9.37,4.27,9.37,4.27,6.54,6.58,7.25,1.83,3.16,5.31,500.0,Rain,light rain,Lille
53,2023-02-24 13:00:00,2023-02-24 07:43:16,2023-02-24 18:19:08,1012,88,3.97,4.57,340,9.56,100,0.38,1.57,0.1,,5.89,1.99,6.99,3.05,4.68,2.11,3.01,-0.25,1.37,-0.9,500.0,Rain,light rain,Lille
54,2023-02-25 13:00:00,2023-02-25 07:41:14,2023-02-25 18:20:52,1018,59,-0.4,7.12,8,11.46,37,0.2,2.0,0.31,,7.08,3.51,7.08,3.9,4.28,3.82,3.15,0.13,0.22,-0.16,500.0,Rain,light rain,Lille
55,2023-02-26 13:00:00,2023-02-26 07:39:11,2023-02-26 18:22:35,1025,54,-3.64,6.42,39,11.93,71,0.2,2.0,0.12,,5.08,-0.09,5.37,2.18,3.43,-0.09,2.45,-2.43,-0.46,-3.65,500.0,Rain,light rain,Lille
56,2023-02-20 12:00:00,2023-02-20 07:28:48,2023-02-20 17:57:04,1028,60,3.56,2.65,204,5.26,100,0.0,2.02,,,10.88,5.24,13.87,7.19,13.87,5.64,9.59,7.19,12.72,3.76,804.0,Clouds,overcast clouds,Strasbourg
57,2023-02-21 12:00:00,2023-02-21 07:26:59,2023-02-21 17:58:41,1022,60,3.45,1.73,196,2.17,30,0.0,1.77,,,10.83,4.76,13.31,7.63,10.32,4.96,9.54,7.63,9.0,4.96,802.0,Clouds,scattered clouds,Strasbourg
58,2023-02-22 12:00:00,2023-02-22 07:25:08,2023-02-22 18:00:18,1016,63,4.05,3.22,191,6.5,100,0.89,1.61,2.1,,10.88,5.94,12.09,9.22,9.54,6.11,9.67,7.61,8.43,4.58,501.0,Rain,moderate rain,Strasbourg
59,2023-02-23 12:00:00,2023-02-23 07:23:17,2023-02-23 18:01:54,1015,86,7.69,3.03,184,6.26,100,0.43,0.83,0.15,,9.88,7.41,11.97,7.41,9.65,7.88,9.54,6.01,8.96,7.88,500.0,Rain,light rain,Strasbourg
60,2023-02-24 12:00:00,2023-02-24 07:21:24,2023-02-24 18:03:30,1011,92,6.22,3.9,321,7.62,100,1.0,1.78,7.03,,7.38,4.41,7.93,4.41,6.13,6.18,5.41,2.22,3.3,6.18,501.0,Rain,moderate rain,Strasbourg
61,2023-02-25 12:00:00,2023-02-25 07:19:31,2023-02-25 18:05:05,1014,68,-0.28,4.33,311,7.35,99,0.89,2.0,0.73,0.38,5.16,1.71,6.82,1.71,3.35,2.92,1.87,-0.14,1.1,-0.04,616.0,Snow,rain and snow,Strasbourg
62,2023-02-26 12:00:00,2023-02-26 07:17:36,2023-02-26 18:06:41,1019,43,-7.65,6.92,41,11.64,61,0.0,2.0,,,3.73,-0.37,4.38,0.65,1.4,-0.37,-1.09,-4.46,-2.9,-4.57,803.0,Clouds,broken clouds,Strasbourg
63,2023-02-20 12:00:00,2023-02-20 07:29:51,2023-02-20 17:59:16,1028,53,1.86,1.83,244,2.21,93,0.0,2.08,,,9.82,1.93,11.5,4.12,10.9,2.05,9.82,3.13,9.27,0.41,804.0,Clouds,overcast clouds,Château du Haut-Kœnigsbourg
64,2023-02-21 12:00:00,2023-02-21 07:28:03,2023-02-21 18:00:52,1021,50,0.6,1.36,288,1.33,15,0.0,1.81,,,9.4,2.02,11.4,4.35,6.8,2.24,9.4,4.35,6.8,2.24,801.0,Clouds,few clouds,Château du Haut-Kœnigsbourg
65,2023-02-22 12:00:00,2023-02-22 07:26:14,2023-02-22 18:02:27,1016,68,4.31,1.88,204,2.73,100,0.98,1.63,2.34,,8.61,3.5,9.91,6.24,6.66,3.53,8.61,4.93,6.66,3.53,501.0,Rain,moderate rain,Château du Haut-Kœnigsbourg
66,2023-02-23 12:00:00,2023-02-23 07:24:24,2023-02-23 18:04:02,1015,85,6.44,1.67,207,2.48,100,0.34,0.72,,,7.65,4.64,9.14,4.64,6.53,5.96,7.11,4.64,5.67,5.96,804.0,Clouds,overcast clouds,Château du Haut-Kœnigsbourg
67,2023-02-24 12:00:00,2023-02-24 07:22:33,2023-02-24 18:05:37,1011,94,5.61,2.7,328,6.57,100,1.0,1.92,10.01,,5.31,0.98,6.87,0.98,3.99,3.98,4.01,-0.73,2.06,3.98,501.0,Rain,moderate rain,Château du Haut-Kœnigsbourg
68,2023-02-25 12:00:00,2023-02-25 07:20:40,2023-02-25 18:07:11,1014,68,-2.56,2.74,342,4.91,86,0.94,2.0,1.16,0.72,1.7,-2.5,2.07,-2.5,-1.26,0.76,-1.11,-4.96,-3.45,-0.96,616.0,Snow,rain and snow,Château du Haut-Kœnigsbourg
69,2023-02-26 12:00:00,2023-02-26 07:18:47,2023-02-26 18:08:45,1018,49,-8.45,6.66,41,11.7,67,0.2,2.0,,0.12,-0.17,-3.7,0.37,-3.01,-2.26,-3.7,-5.92,-8.89,-7.87,-7.75,600.0,Snow,light snow,Château du Haut-Kœnigsbourg
70,2023-02-20 12:00:00,2023-02-20 07:29:30,2023-02-20 17:59:30,1028,54,2.92,1.73,226,2.06,92,0.0,2.08,,,12.52,4.98,14.22,7.48,13.78,5.1,11.24,7.48,12.44,4.06,804.0,Clouds,overcast clouds,Colmar
71,2023-02-21 12:00:00,2023-02-21 07:27:43,2023-02-21 18:01:05,1021,51,1.77,1.15,155,1.42,21,0.0,1.81,,,12.22,4.91,14.34,7.56,9.93,5.21,10.83,7.56,9.93,5.21,801.0,Clouds,few clouds,Colmar
72,2023-02-22 12:00:00,2023-02-22 07:25:55,2023-02-22 18:02:40,1016,66,5.58,2.42,175,3.97,100,1.0,1.63,1.54,,12.3,6.37,13.18,9.25,9.92,6.55,11.31,8.29,9.27,5.75,500.0,Rain,light rain,Colmar
73,2023-02-23 12:00:00,2023-02-23 07:24:05,2023-02-23 18:04:14,1015,78,7.1,2.11,206,3.84,100,0.38,0.72,,,11.46,7.79,12.59,7.79,9.89,8.92,10.7,7.15,9.02,8.92,804.0,Clouds,overcast clouds,Colmar
74,2023-02-24 12:00:00,2023-02-24 07:22:14,2023-02-24 18:05:48,1011,88,6.38,2.56,3,7.53,99,1.0,1.92,7.7,,9.01,4.77,11.7,4.77,7.9,6.52,8.14,4.77,6.31,6.52,501.0,Rain,moderate rain,Colmar
75,2023-02-25 12:00:00,2023-02-25 07:20:23,2023-02-25 18:07:22,1014,60,-2.45,3.52,3,5.2,59,0.98,2.0,1.7,0.21,5.33,1.09,5.56,1.09,2.42,4.46,2.89,-1.73,0.93,4.46,616.0,Snow,rain and snow,Colmar
76,2023-02-26 12:00:00,2023-02-26 07:18:30,2023-02-26 18:08:55,1018,47,-7.71,7.46,36,12.02,62,0.2,2.0,,0.11,3.2,-0.61,3.62,-0.08,0.76,-0.61,-1.86,-5.44,-4.44,-4.71,600.0,Snow,light snow,Colmar
77,2023-02-20 12:00:00,2023-02-20 07:29:39,2023-02-20 17:59:46,1028,53,2.68,1.59,234,1.79,93,0.0,2.08,,,12.9,5.1,14.49,7.68,13.81,5.2,11.63,7.68,12.47,4.25,804.0,Clouds,overcast clouds,Eguisheim
78,2023-02-21 12:00:00,2023-02-21 07:27:52,2023-02-21 18:01:21,1021,49,1.32,1.23,118,1.28,20,0.0,1.81,,,12.57,5.13,14.54,7.78,9.88,5.42,11.16,7.78,9.88,5.42,801.0,Clouds,few clouds,Eguisheim
79,2023-02-22 12:00:00,2023-02-22 07:26:03,2023-02-22 18:02:55,1015,65,5.55,2.21,174,3.24,100,1.0,1.63,1.46,,12.69,6.64,13.43,9.32,10.08,6.87,11.71,8.6,9.47,6.87,500.0,Rain,light rain,Eguisheim
80,2023-02-23 12:00:00,2023-02-23 07:24:14,2023-02-23 18:04:29,1014,75,7.04,2.03,32,3.45,100,0.39,0.72,0.1,,12.15,8.06,12.19,8.06,9.0,9.0,11.38,7.26,8.13,9.0,500.0,Rain,light rain,Eguisheim
81,2023-02-24 12:00:00,2023-02-24 07:22:24,2023-02-24 18:06:03,1010,85,6.49,2.11,359,4.95,99,1.0,1.92,6.18,,9.74,5.37,10.74,5.37,7.43,6.39,9.0,5.37,6.1,6.39,500.0,Rain,light rain,Eguisheim
82,2023-02-25 12:00:00,2023-02-25 07:20:32,2023-02-25 18:07:37,1014,60,-2.68,3.36,2,5.05,59,0.99,2.0,2.51,,5.36,1.19,5.53,1.19,2.34,3.28,3.0,-1.65,0.77,3.28,500.0,Rain,light rain,Eguisheim
83,2023-02-26 12:00:00,2023-02-26 07:18:40,2023-02-26 18:09:10,1018,47,-7.86,7.36,36,11.92,65,0.0,2.0,,,3.07,-0.5,3.53,-0.09,0.71,-0.5,-1.95,-5.41,-4.48,-4.49,803.0,Clouds,broken clouds,Eguisheim
84,2023-02-20 12:00:00,2023-02-20 07:33:27,2023-02-20 18:06:14,1028,64,3.94,2.09,34,2.96,100,0.0,2.24,,,10.89,4.04,12.32,6.27,9.73,4.23,9.71,6.27,9.73,4.23,804.0,Clouds,overcast clouds,Besançon
85,2023-02-21 12:00:00,2023-02-21 07:31:42,2023-02-21 18:07:46,1020,51,2.84,1.2,72,1.18,18,0.0,1.95,,,13.14,4.22,14.67,7.72,9.84,4.38,11.84,7.72,9.84,4.38,801.0,Clouds,few clouds,Besançon
86,2023-02-22 12:00:00,2023-02-22 07:29:57,2023-02-22 18:09:18,1017,83,7.32,3.78,237,7.93,100,0.84,1.43,0.25,,10.55,6.5,10.67,8.82,9.14,6.5,9.83,7.66,9.14,5.24,500.0,Rain,light rain,Besançon
87,2023-02-23 12:00:00,2023-02-23 07:28:10,2023-02-23 18:10:49,1013,71,6.93,2.56,56,4.38,100,0.66,1.12,1.9,,12.46,7.15,13.81,8.83,10.71,7.95,11.62,8.83,10.03,7.95,500.0,Rain,light rain,Besançon
88,2023-02-24 12:00:00,2023-02-24 07:26:23,2023-02-24 18:12:20,1012,83,7.77,3.55,296,7.55,66,1.0,1.94,4.52,,11.05,4.56,13.05,4.56,9.76,6.96,10.38,3.16,7.92,6.96,500.0,Rain,light rain,Besançon
89,2023-02-25 12:00:00,2023-02-25 07:24:34,2023-02-25 18:13:50,1014,71,-0.15,4.49,37,10.8,44,1.0,2.0,2.03,,5.04,1.2,5.04,1.2,2.36,4.68,1.78,-2.52,-1.51,3.75,501.0,Rain,moderate rain,Besançon
90,2023-02-26 12:00:00,2023-02-26 07:22:45,2023-02-26 18:15:21,1015,43,-7.16,7.99,48,14.68,12,0.0,2.0,,,4.52,-0.55,4.52,0.13,0.85,-0.52,-0.45,-5.62,-4.96,-5.27,801.0,Clouds,few clouds,Besançon
91,2023-02-20 12:00:00,2023-02-20 07:37:30,2023-02-20 18:10:02,1029,61,3.88,2.05,34,2.56,84,0.0,2.19,,,11.44,4.2,13.31,6.95,12.77,4.35,10.23,6.95,11.85,4.35,803.0,Clouds,broken clouds,Dijon
92,2023-02-21 12:00:00,2023-02-21 07:35:46,2023-02-21 18:11:34,1021,68,5.08,2.15,169,2.84,15,0.0,2.0,,,11.18,3.97,13.88,8.04,10.04,4.43,10.13,7.36,9.16,4.43,801.0,Clouds,few clouds,Dijon
93,2023-02-22 12:00:00,2023-02-22 07:34:00,2023-02-22 18:13:06,1016,92,7.71,4.02,198,6.98,100,0.98,0.62,3.87,,9.31,6.92,10.54,8.2,8.92,6.92,7.7,7.02,7.41,5.84,500.0,Rain,light rain,Dijon
94,2023-02-23 12:00:00,2023-02-23 07:32:13,2023-02-23 18:14:38,1014,79,7.25,3.66,62,5.87,100,0.98,0.47,6.0,,11.08,7.9,11.45,8.38,10.24,8.12,10.31,7.77,9.62,8.12,501.0,Rain,moderate rain,Dijon
95,2023-02-24 12:00:00,2023-02-24 07:30:26,2023-02-24 18:16:09,1012,80,7.8,4.06,235,7.36,99,0.8,1.85,3.24,,11.53,4.74,13.09,4.74,8.17,8.24,10.83,2.38,5.97,8.24,500.0,Rain,light rain,Dijon
96,2023-02-25 12:00:00,2023-02-25 07:28:37,2023-02-25 18:17:40,1015,66,-0.96,6.39,19,11.08,14,0.81,2.0,0.19,,5.12,1.45,5.12,1.45,3.66,3.42,0.95,-2.88,-0.63,0.24,500.0,Rain,light rain,Dijon
97,2023-02-26 12:00:00,2023-02-26 07:26:47,2023-02-26 18:19:10,1016,45,-6.9,9.55,34,14.94,4,0.0,2.0,,,4.35,-0.23,4.35,-0.05,1.14,-0.23,-1.15,-6.5,-4.99,-5.72,800.0,Clear,clear sky,Dijon
98,2023-02-20 12:00:00,2023-02-20 07:30:54,2023-02-20 18:07:57,1027,63,3.92,1.7,37,2.0,73,0.0,2.31,,,12.25,4.91,13.88,7.52,13.4,5.09,11.18,7.52,11.94,5.09,803.0,Clouds,broken clouds,Annecy
99,2023-02-21 12:00:00,2023-02-21 07:29:14,2023-02-21 18:09:24,1020,56,4.63,1.03,99,1.06,45,0.0,2.39,,,14.79,6.2,16.3,8.88,11.53,6.41,13.79,8.88,10.72,6.41,802.0,Clouds,scattered clouds,Annecy
100,2023-02-22 12:00:00,2023-02-22 07:27:34,2023-02-22 18:10:51,1018,93,6.55,1.4,186,1.92,100,0.66,0.91,3.18,,9.22,7.29,10.98,8.59,9.48,7.29,9.22,8.59,9.48,6.68,500.0,Rain,light rain,Annecy
101,2023-02-23 12:00:00,2023-02-23 07:25:52,2023-02-23 18:12:17,1012,68,5.67,1.69,348,2.08,100,0.69,1.81,1.02,,12.92,7.86,12.92,9.33,9.49,8.08,12.04,9.33,9.49,8.08,500.0,Rain,light rain,Annecy
102,2023-02-24 12:00:00,2023-02-24 07:24:09,2023-02-24 18:13:44,1010,65,5.98,1.66,247,2.58,42,0.96,2.14,3.48,,14.01,7.2,14.01,9.28,9.62,7.2,13.16,9.28,9.62,7.2,500.0,Rain,light rain,Annecy
103,2023-02-25 12:00:00,2023-02-25 07:22:25,2023-02-25 18:15:09,1009,74,1.79,4.36,12,8.47,97,0.96,3.0,4.2,,7.61,2.23,8.92,2.23,4.91,7.89,5.36,-1.69,1.55,7.14,500.0,Rain,light rain,Annecy
104,2023-02-26 12:00:00,2023-02-26 07:20:40,2023-02-26 18:16:35,1007,46,-7.56,8.14,14,11.02,67,0.09,3.0,,,4.52,-0.32,4.52,-0.32,0.59,0.35,-0.17,-5.06,-4.97,-4.15,803.0,Clouds,broken clouds,Annecy
105,2023-02-20 12:00:00,2023-02-20 07:31:23,2023-02-20 18:10:36,1026,61,4.43,2.29,16,4.26,78,0.0,2.43,,,14.49,7.0,15.53,9.71,11.75,7.0,13.59,9.71,10.91,6.03,803.0,Clouds,broken clouds,Grenoble
106,2023-02-21 12:00:00,2023-02-21 07:29:46,2023-02-21 18:12:01,1019,51,4.44,1.42,307,1.49,26,0.0,2.49,,,17.33,8.25,18.85,10.61,13.58,8.44,16.45,9.89,12.95,8.44,802.0,Clouds,scattered clouds,Grenoble
107,2023-02-22 12:00:00,2023-02-22 07:28:07,2023-02-22 18:13:26,1017,76,6.64,1.31,149,1.23,99,0.8,0.31,3.77,,13.64,9.77,14.34,9.77,11.74,10.1,13.04,9.77,11.19,9.54,500.0,Rain,light rain,Grenoble
108,2023-02-23 12:00:00,2023-02-23 07:26:28,2023-02-23 18:14:50,1012,68,5.81,1.41,251,2.14,100,0.91,1.98,2.21,,14.33,8.9,15.47,10.41,12.1,8.9,13.59,9.86,11.56,8.9,500.0,Rain,light rain,Grenoble
109,2023-02-24 12:00:00,2023-02-24 07:24:48,2023-02-24 18:16:14,1010,57,4.46,2.13,235,4.9,10,0.55,2.35,1.11,,15.7,7.96,17.36,10.84,12.65,8.42,14.81,10.38,12.01,8.42,500.0,Rain,light rain,Grenoble
110,2023-02-25 12:00:00,2023-02-25 07:23:06,2023-02-25 18:17:37,1008,93,4.11,3.79,358,5.62,100,0.83,3.0,0.65,,8.13,4.22,10.98,4.22,6.84,9.92,6.56,2.16,5.49,9.38,500.0,Rain,light rain,Grenoble
111,2023-02-26 12:00:00,2023-02-26 07:21:24,2023-02-26 18:19:00,1006,55,-5.96,4.23,343,6.5,97,0.24,3.0,0.5,,5.0,0.7,5.57,0.7,1.71,1.94,1.84,0.7,-0.87,-1.53,500.0,Rain,light rain,Grenoble
112,2023-02-20 12:00:00,2023-02-20 07:35:52,2023-02-20 18:13:21,1028,58,3.16,2.1,319,4.73,37,0.0,2.36,,,11.66,5.58,14.08,8.81,13.89,5.83,10.4,8.81,12.74,5.08,802.0,Clouds,scattered clouds,Lyon
113,2023-02-21 12:00:00,2023-02-21 07:34:13,2023-02-21 18:14:48,1021,60,4.99,2.0,161,3.11,41,0.0,2.47,,,13.06,6.19,16.1,9.55,13.2,6.44,11.99,9.55,12.27,6.44,802.0,Clouds,scattered clouds,Lyon
114,2023-02-22 12:00:00,2023-02-22 07:32:32,2023-02-22 18:16:14,1017,76,6.89,2.36,13,4.01,100,0.94,1.02,3.19,,11.61,8.65,14.29,9.42,12.1,8.87,10.81,9.42,11.48,8.87,501.0,Rain,moderate rain,Lyon
115,2023-02-23 12:00:00,2023-02-23 07:30:51,2023-02-23 18:17:41,1012,69,7.3,4.06,190,9.22,100,0.91,0.62,2.66,,13.43,8.74,13.43,10.1,10.77,8.93,12.63,9.62,10.1,8.93,500.0,Rain,light rain,Lyon
116,2023-02-24 12:00:00,2023-02-24 07:29:09,2023-02-24 18:19:06,1010,62,6.77,1.9,327,4.78,80,0.91,2.22,1.76,,14.36,8.52,15.19,10.81,11.68,8.52,13.47,10.19,10.97,8.52,500.0,Rain,light rain,Lyon
117,2023-02-25 12:00:00,2023-02-25 07:27:25,2023-02-25 18:20:32,1011,58,0.19,7.55,355,14.5,87,0.54,3.0,0.2,,8.52,3.51,8.77,3.51,4.58,5.96,5.1,-1.06,-0.22,2.9,500.0,Rain,light rain,Lyon
118,2023-02-26 12:00:00,2023-02-26 07:25:41,2023-02-26 18:21:57,1011,39,-7.2,10.45,1,16.9,3,0.0,3.0,,,6.3,0.99,6.3,1.38,2.98,0.99,1.32,-4.78,-2.89,-4.31,800.0,Clear,clear sky,Lyon
119,2023-02-20 12:00:00,2023-02-20 07:26:54,2023-02-20 18:10:21,1025,52,3.57,2.15,230,1.85,17,0.0,2.84,,,13.46,4.82,14.29,5.62,8.57,4.88,12.22,5.62,8.57,4.88,801.0,Clouds,few clouds,Gorges du Verdon
120,2023-02-21 12:00:00,2023-02-21 07:25:21,2023-02-21 18:11:41,1020,48,2.53,2.38,241,2.46,6,0.0,2.84,,,13.49,4.55,14.44,5.28,8.79,4.66,12.15,5.28,8.79,3.32,800.0,Clear,clear sky,Gorges du Verdon
121,2023-02-22 12:00:00,2023-02-22 07:23:48,2023-02-22 18:13:01,1017,54,2.83,2.45,249,2.64,61,0.15,1.79,,,11.9,4.89,12.85,4.89,8.72,6.22,10.56,4.89,8.72,5.53,803.0,Clouds,broken clouds,Gorges du Verdon
122,2023-02-23 12:00:00,2023-02-23 07:22:13,2023-02-23 18:14:21,1014,66,3.92,3.82,152,4.64,97,0.27,2.48,,,10.21,3.66,10.49,5.23,7.36,3.79,9.01,3.39,5.32,2.65,804.0,Clouds,overcast clouds,Gorges du Verdon
123,2023-02-24 12:00:00,2023-02-24 07:20:37,2023-02-24 18:15:40,1011,47,1.07,2.51,150,3.22,88,0.32,2.34,,,12.2,3.85,12.63,8.67,9.3,3.97,10.7,8.67,8.56,1.86,804.0,Clouds,overcast clouds,Gorges du Verdon
124,2023-02-25 12:00:00,2023-02-25 07:19:00,2023-02-25 18:16:59,1000,50,2.86,3.18,315,3.93,73,0.8,3.0,2.29,,13.16,6.0,14.02,6.0,7.58,7.24,11.84,6.0,6.61,6.33,500.0,Rain,light rain,Gorges du Verdon
125,2023-02-26 12:00:00,2023-02-26 07:17:22,2023-02-26 18:18:17,997,82,1.99,2.59,10,3.48,60,0.87,3.0,1.46,27.19,5.06,-0.08,9.44,0.2,-0.08,4.04,3.66,0.2,-0.08,1.68,616.0,Snow,rain and snow,Gorges du Verdon
126,2023-02-20 12:00:00,2023-02-20 07:26:00,2023-02-20 18:11:09,1027,77,9.51,4.52,69,6.3,49,0.0,3.0,,,13.54,9.28,14.35,10.54,13.53,9.35,12.96,9.9,13.24,7.63,802.0,Clouds,scattered clouds,Bormes-les-Mimosas
127,2023-02-21 12:00:00,2023-02-21 07:24:29,2023-02-21 18:12:27,1022,67,7.86,3.53,205,4.04,6,0.0,2.91,,,14.22,9.25,14.68,10.27,11.93,9.4,13.45,9.55,11.22,9.01,800.0,Clear,clear sky,Bormes-les-Mimosas
128,2023-02-22 12:00:00,2023-02-22 07:22:57,2023-02-22 18:13:45,1018,67,7.96,2.66,164,2.66,69,0.05,1.6,,,14.15,10.12,14.37,10.26,11.94,10.12,13.37,9.61,11.25,9.51,803.0,Clouds,broken clouds,Bormes-les-Mimosas
129,2023-02-23 12:00:00,2023-02-23 07:21:24,2023-02-23 18:15:03,1015,71,8.12,5.27,73,7.66,94,0.0,2.15,,,13.44,9.22,13.44,10.86,11.39,9.28,12.69,10.27,10.78,7.53,804.0,Clouds,overcast clouds,Bormes-les-Mimosas
130,2023-02-24 12:00:00,2023-02-24 07:19:50,2023-02-24 18:16:20,1011,74,9.09,7.28,68,9.7,100,0.05,2.41,,,13.92,11.65,13.92,11.91,11.85,11.75,13.3,11.56,11.47,11.23,804.0,Clouds,overcast clouds,Bormes-les-Mimosas
131,2023-02-25 12:00:00,2023-02-25 07:18:15,2023-02-25 18:17:37,1001,61,8.12,4.01,68,5.86,82,0.33,3.0,0.36,,16.24,11.39,16.24,11.61,12.79,11.39,15.51,11.23,12.21,10.78,500.0,Rain,light rain,Bormes-les-Mimosas
132,2023-02-26 12:00:00,2023-02-26 07:16:39,2023-02-26 18:18:54,997,78,5.73,7.12,107,10.96,99,0.86,3.0,10.0,,9.53,5.05,11.5,5.05,6.01,10.86,6.3,2.81,3.65,9.91,501.0,Rain,moderate rain,Bormes-les-Mimosas
133,2023-02-20 12:00:00,2023-02-20 07:29:17,2023-02-20 18:14:16,1027,66,7.69,1.99,219,2.58,0,0.0,3.03,,,14.48,10.9,14.66,12.33,14.53,10.99,13.71,11.84,13.92,10.31,800.0,Clear,clear sky,Cassis
134,2023-02-21 12:00:00,2023-02-21 07:27:46,2023-02-21 18:15:35,1022,71,8.21,2.92,125,3.43,13,0.0,2.97,,,13.83,10.96,14.25,12.41,13.24,11.11,13.12,11.59,12.47,10.57,801.0,Clouds,few clouds,Cassis
135,2023-02-22 12:00:00,2023-02-22 07:26:14,2023-02-22 18:16:53,1018,66,7.7,3.75,102,4.48,24,0.0,2.07,,,14.62,11.55,14.79,12.36,13.31,11.81,13.86,11.74,12.68,10.95,801.0,Clouds,few clouds,Cassis
136,2023-02-23 12:00:00,2023-02-23 07:24:41,2023-02-23 18:18:11,1014,69,8.13,6.95,126,11.21,97,0.0,1.68,,,14.38,11.0,14.59,11.99,13.63,11.13,13.68,11.31,12.9,10.39,804.0,Clouds,overcast clouds,Cassis
137,2023-02-24 12:00:00,2023-02-24 07:23:07,2023-02-24 18:19:29,1011,64,7.94,6.76,95,12.37,100,0.25,2.22,,,15.31,11.31,16.14,13.72,15.3,11.44,14.57,13.11,14.56,10.81,804.0,Clouds,overcast clouds,Cassis
138,2023-02-25 12:00:00,2023-02-25 07:21:32,2023-02-25 18:20:46,1001,61,8.26,4.31,281,5.37,80,0.42,3.0,0.61,,16.57,12.84,16.57,13.8,14.78,12.84,15.88,13.17,13.98,12.27,500.0,Rain,light rain,Cassis
139,2023-02-26 12:00:00,2023-02-26 07:19:56,2023-02-26 18:22:03,997,55,2.54,4.69,181,6.42,79,0.6,3.0,13.7,,11.95,6.74,12.52,6.74,7.33,10.99,10.64,6.74,7.33,9.92,502.0,Rain,heavy intensity rain,Cassis
140,2023-02-20 12:00:00,2023-02-20 07:30:05,2023-02-20 18:14:50,1027,68,7.75,2.33,223,3.91,1,0.0,2.99,,,14.13,11.07,15.09,12.8,15.09,11.29,13.37,12.3,14.53,10.59,800.0,Clear,clear sky,Marseilla
141,2023-02-21 12:00:00,2023-02-21 07:28:34,2023-02-21 18:16:09,1022,74,8.66,3.62,128,4.31,14,0.0,2.95,,,13.76,11.44,14.28,12.94,13.6,11.59,13.12,12.22,12.87,11.08,801.0,Clouds,few clouds,Marseilla
142,2023-02-22 12:00:00,2023-02-22 07:27:01,2023-02-22 18:17:27,1018,65,7.38,4.04,107,5.1,23,0.0,2.46,,,14.35,11.88,14.58,12.85,13.8,12.08,13.54,12.23,13.12,11.25,801.0,Clouds,few clouds,Marseilla
143,2023-02-23 12:00:00,2023-02-23 07:25:28,2023-02-23 18:18:46,1014,71,8.41,7.71,133,11.39,98,0.09,1.83,,,14.13,11.56,14.45,12.59,13.89,11.7,13.45,11.86,13.21,10.99,804.0,Clouds,overcast clouds,Marseilla
144,2023-02-24 12:00:00,2023-02-24 07:23:53,2023-02-24 18:20:03,1011,65,8.1,6.94,102,12.51,98,0.35,1.95,0.15,,15.19,11.88,15.81,13.87,15.24,12.05,14.46,13.27,14.57,11.4,500.0,Rain,light rain,Marseilla
145,2023-02-25 12:00:00,2023-02-25 07:22:18,2023-02-25 18:21:21,1001,63,8.28,5.31,307,5.49,79,0.5,2.0,0.7,,15.91,13.02,15.99,13.24,14.16,13.09,15.2,12.34,13.22,12.54,500.0,Rain,light rain,Marseilla
146,2023-02-26 12:00:00,2023-02-26 07:20:42,2023-02-26 18:22:38,997,46,0.06,6.86,326,9.06,62,0.44,2.0,5.32,,11.8,7.41,12.06,7.41,8.36,9.6,10.24,5.99,5.34,6.93,501.0,Rain,moderate rain,Marseilla
147,2023-02-20 12:00:00,2023-02-20 07:30:06,2023-02-20 18:14:11,1026,57,6.05,3.01,247,2.61,2,0.0,2.84,,,14.7,7.78,15.86,10.55,14.19,7.96,13.71,9.85,13.52,7.96,800.0,Clear,clear sky,Aix-en-Provence
148,2023-02-21 12:00:00,2023-02-21 07:28:34,2023-02-21 18:15:31,1021,61,6.5,2.52,217,2.74,9,0.0,2.84,,,14.14,8.33,15.54,10.77,13.34,8.57,13.2,9.68,12.22,8.57,800.0,Clear,clear sky,Aix-en-Provence
149,2023-02-22 12:00:00,2023-02-22 07:27:01,2023-02-22 18:16:50,1018,54,4.87,2.66,267,3.0,26,0.0,1.99,,,14.44,8.7,15.71,10.86,13.91,8.9,13.35,10.09,12.92,8.19,802.0,Clouds,scattered clouds,Aix-en-Provence
150,2023-02-23 12:00:00,2023-02-23 07:25:27,2023-02-23 18:18:09,1014,61,6.18,4.79,135,10.65,99,0.16,2.07,,,13.98,8.42,15.0,10.43,13.12,8.66,13.03,9.59,12.13,7.47,804.0,Clouds,overcast clouds,Aix-en-Provence
151,2023-02-24 12:00:00,2023-02-24 07:23:52,2023-02-24 18:19:28,1011,58,6.04,5.15,86,10.99,88,0.39,2.29,0.24,,14.5,8.88,15.9,11.76,14.07,9.14,13.52,11.03,13.13,6.98,500.0,Rain,light rain,Aix-en-Provence
152,2023-02-25 12:00:00,2023-02-25 07:22:16,2023-02-25 18:20:46,1001,53,6.44,3.28,304,5.33,79,0.65,3.0,0.71,,16.22,10.97,16.82,11.18,12.96,10.99,15.28,10.1,11.88,10.39,500.0,Rain,light rain,Aix-en-Provence
153,2023-02-26 12:00:00,2023-02-26 07:20:39,2023-02-26 18:22:04,997,39,-2.39,4.05,326,4.05,35,0.39,3.0,2.73,,11.6,5.61,11.6,5.61,6.89,8.25,9.83,4.79,5.51,6.89,501.0,Rain,moderate rain,Aix-en-Provence
154,2023-02-20 12:00:00,2023-02-20 07:33:16,2023-02-20 18:16:09,1027,55,5.0,9.56,356,16.81,3,0.0,2.87,,,14.0,8.23,16.95,9.6,16.95,8.71,12.89,9.6,16.16,5.31,800.0,Clear,clear sky,Avignon
155,2023-02-21 12:00:00,2023-02-21 07:31:43,2023-02-21 18:17:30,1022,67,7.89,3.26,187,4.92,16,0.0,2.85,,,14.26,7.52,16.85,10.32,13.54,7.78,13.49,9.5,12.65,7.78,801.0,Clouds,few clouds,Avignon
156,2023-02-22 12:00:00,2023-02-22 07:30:09,2023-02-22 18:18:51,1018,59,6.35,1.75,207,2.19,32,0.1,1.98,,,14.62,8.33,16.52,10.05,14.11,8.76,13.68,9.36,13.3,8.76,802.0,Clouds,scattered clouds,Avignon
157,2023-02-23 12:00:00,2023-02-23 07:28:33,2023-02-23 18:20:11,1014,75,7.8,5.21,172,8.49,100,0.56,1.25,1.19,,12.31,8.52,14.36,11.52,12.27,8.68,11.55,10.71,11.51,8.68,500.0,Rain,light rain,Avignon
158,2023-02-24 12:00:00,2023-02-24 07:26:57,2023-02-24 18:21:31,1010,60,6.7,1.92,167,3.57,93,0.18,2.29,,,14.68,8.2,17.01,12.46,13.68,8.2,13.77,11.77,12.85,7.45,804.0,Clouds,overcast clouds,Avignon
159,2023-02-25 12:00:00,2023-02-25 07:25:19,2023-02-25 18:22:50,1004,59,4.02,14.0,355,18.95,54,0.42,3.0,0.27,,12.03,5.62,12.03,5.62,8.44,10.89,10.83,-0.35,3.41,10.25,500.0,Rain,light rain,Avignon
160,2023-02-26 12:00:00,2023-02-26 07:23:41,2023-02-26 18:24:10,1002,37,-5.48,15.38,353,22.32,0,0.01,3.0,,,8.5,2.94,8.5,4.04,5.38,2.94,3.21,-2.36,-0.89,-4.06,800.0,Clear,clear sky,Avignon
161,2023-02-20 12:00:00,2023-02-20 07:34:54,2023-02-20 18:17:37,1027,50,3.63,5.87,3,12.43,2,0.0,2.89,,,13.98,6.12,16.03,8.27,15.75,6.68,12.74,8.27,14.95,3.66,800.0,Clear,clear sky,Uzès
162,2023-02-21 12:00:00,2023-02-21 07:33:21,2023-02-21 18:18:58,1021,69,7.91,3.28,182,4.98,37,0.0,2.88,,,13.47,5.95,16.09,9.07,12.47,6.18,12.67,9.07,11.55,6.18,802.0,Clouds,scattered clouds,Uzès
163,2023-02-22 12:00:00,2023-02-22 07:31:46,2023-02-22 18:20:19,1018,65,7.28,2.35,205,2.3,60,0.11,1.32,,,13.76,7.12,15.59,8.88,12.95,7.35,12.89,8.88,12.13,7.35,803.0,Clouds,broken clouds,Uzès
164,2023-02-23 12:00:00,2023-02-23 07:30:11,2023-02-23 18:21:39,1014,94,8.91,5.65,167,10.61,100,0.86,0.22,4.49,,9.79,7.28,12.76,10.19,11.12,7.28,7.58,9.54,10.59,7.28,501.0,Rain,moderate rain,Uzès
165,2023-02-24 12:00:00,2023-02-24 07:28:34,2023-02-24 18:22:59,1011,64,7.06,3.48,137,5.37,98,0.51,1.21,0.1,,13.74,8.3,15.38,11.21,12.92,8.38,12.84,10.58,12.17,7.24,500.0,Rain,light rain,Uzès
166,2023-02-25 12:00:00,2023-02-25 07:26:56,2023-02-25 18:24:19,1005,53,3.01,12.96,11,20.3,53,0.31,2.0,0.12,,12.33,6.17,12.33,6.17,8.13,10.94,11.0,0.59,3.36,10.23,500.0,Rain,light rain,Uzès
167,2023-02-26 12:00:00,2023-02-26 07:25:18,2023-02-26 18:25:38,1003,30,-7.73,13.83,6,22.68,0,0.0,2.0,,,9.04,3.01,9.04,3.01,4.57,3.4,4.2,-3.51,-1.22,-3.33,800.0,Clear,clear sky,Uzès
168,2023-02-20 12:00:00,2023-02-20 07:34:53,2023-02-20 18:18:06,1027,48,3.64,5.32,3,12.07,1,0.0,2.91,,,14.64,7.45,16.36,9.3,15.45,7.95,13.41,9.3,14.7,5.32,800.0,Clear,clear sky,Nîmes
169,2023-02-21 12:00:00,2023-02-21 07:33:21,2023-02-21 18:19:27,1022,69,8.17,3.48,171,4.07,50,0.0,2.87,,,13.8,7.15,16.42,10.27,12.8,7.39,13.04,9.52,11.89,7.39,802.0,Clouds,scattered clouds,Nîmes
170,2023-02-22 12:00:00,2023-02-22 07:31:46,2023-02-22 18:20:47,1018,65,7.61,2.62,210,3.66,62,0.03,2.52,,,14.04,8.1,16.02,9.85,13.42,8.3,13.2,9.85,12.67,8.3,803.0,Clouds,broken clouds,Nîmes
171,2023-02-23 12:00:00,2023-02-23 07:30:11,2023-02-23 18:22:07,1013,87,9.59,5.32,168,10.12,100,0.91,0.73,4.1,,11.74,8.26,12.9,11.27,11.14,8.26,11.24,10.72,10.63,7.12,500.0,Rain,light rain,Nîmes
172,2023-02-24 12:00:00,2023-02-24 07:28:35,2023-02-24 18:23:26,1011,68,7.86,4.0,165,6.09,97,0.49,2.08,0.24,,13.83,8.77,15.99,12.16,12.91,8.77,13.04,11.55,12.21,7.08,500.0,Rain,light rain,Nîmes
173,2023-02-25 12:00:00,2023-02-25 07:26:58,2023-02-25 18:24:45,1004,49,3.25,12.29,10,19.27,52,0.33,3.0,0.11,,13.78,7.23,13.78,7.23,9.25,11.58,12.49,2.22,4.93,10.86,500.0,Rain,light rain,Nîmes
174,2023-02-26 12:00:00,2023-02-26 07:25:20,2023-02-26 18:26:04,1003,27,-8.46,12.7,360,22.25,0,0.0,3.0,,,10.14,4.09,10.14,4.09,5.86,4.54,7.91,-1.64,0.74,-1.48,800.0,Clear,clear sky,Nîmes
175,2023-02-20 12:00:00,2023-02-20 07:35:11,2023-02-20 18:19:10,1027,52,4.23,4.37,18,9.45,2,0.0,2.91,,,14.11,8.6,15.2,11.15,13.9,9.07,12.93,10.59,13.23,7.01,800.0,Clear,clear sky,Aigues-Mortes
176,2023-02-21 12:00:00,2023-02-21 07:33:38,2023-02-21 18:20:30,1022,76,8.84,3.61,143,4.17,56,0.0,2.87,,,13.06,8.85,14.19,11.67,12.56,9.29,12.41,11.11,11.91,8.0,803.0,Clouds,broken clouds,Aigues-Mortes
177,2023-02-22 12:00:00,2023-02-22 07:32:05,2023-02-22 18:21:49,1018,70,7.94,3.57,215,5.13,69,0.01,2.52,,,13.34,9.39,14.08,11.48,12.62,9.63,12.56,10.8,12.03,8.28,803.0,Clouds,broken clouds,Aigues-Mortes
178,2023-02-23 12:00:00,2023-02-23 07:30:31,2023-02-23 18:23:08,1014,87,9.12,6.18,134,9.92,100,0.92,0.73,2.22,,11.26,9.88,12.09,12.09,11.06,9.95,10.71,11.63,10.47,9.37,500.0,Rain,light rain,Aigues-Mortes
179,2023-02-24 12:00:00,2023-02-24 07:28:56,2023-02-24 18:24:27,1011,77,9.31,7.39,107,11.99,88,0.47,2.08,1.09,,13.43,11.2,14.42,12.59,13.36,11.5,12.84,12.23,12.84,10.93,500.0,Rain,light rain,Aigues-Mortes
180,2023-02-25 12:00:00,2023-02-25 07:27:19,2023-02-25 18:25:45,1004,50,4.42,10.74,2,16.85,72,0.59,3.0,1.95,,14.74,8.94,14.74,8.94,10.7,11.91,13.58,4.65,9.05,11.32,500.0,Rain,light rain,Aigues-Mortes
181,2023-02-26 12:00:00,2023-02-26 07:25:42,2023-02-26 18:27:03,1004,27,-7.34,11.46,8,19.66,0,0.0,3.0,,,10.97,5.54,10.97,5.54,7.62,6.28,8.83,0.36,3.04,1.33,800.0,Clear,clear sky,Aigues-Mortes
182,2023-02-20 12:00:00,2023-02-20 07:34:04,2023-02-20 18:18:23,1027,58,5.65,9.05,7,15.91,2,0.0,2.92,,,13.87,9.87,15.16,11.77,15.16,10.32,12.83,11.33,14.92,9.18,800.0,Clear,clear sky,Saintes-Maries-de-la-Mer
183,2023-02-21 12:00:00,2023-02-21 07:32:32,2023-02-21 18:19:42,1022,77,9.29,4.02,150,5.05,49,0.0,2.93,,,13.29,9.95,13.71,12.34,12.71,10.26,12.69,11.85,12.13,9.72,802.0,Clouds,scattered clouds,Saintes-Maries-de-la-Mer
184,2023-02-22 12:00:00,2023-02-22 07:30:59,2023-02-22 18:21:01,1018,70,8.02,3.54,220,4.4,51,0.0,1.91,,,13.47,10.39,13.85,12.15,12.49,10.78,12.7,11.61,11.91,10.19,803.0,Clouds,broken clouds,Saintes-Maries-de-la-Mer
185,2023-02-23 12:00:00,2023-02-23 07:29:25,2023-02-23 18:22:20,1014,87,9.12,8.07,128,12.08,100,0.85,1.02,1.69,,11.25,11.14,12.54,12.54,11.57,11.53,10.7,12.04,11.03,10.98,500.0,Rain,light rain,Saintes-Maries-de-la-Mer
186,2023-02-24 12:00:00,2023-02-24 07:27:51,2023-02-24 18:23:38,1011,77,9.32,7.78,121,12.7,90,0.43,1.56,0.53,,13.21,11.7,14.45,12.66,13.52,11.9,12.6,12.33,13.02,11.31,500.0,Rain,light rain,Saintes-Maries-de-la-Mer
187,2023-02-25 12:00:00,2023-02-25 07:26:15,2023-02-25 18:24:56,1003,58,4.92,14.8,3,18.57,79,0.6,2.0,2.94,,13.07,8.34,13.07,8.34,10.37,11.61,11.95,3.09,8.85,11.1,500.0,Rain,light rain,Saintes-Maries-de-la-Mer
188,2023-02-26 12:00:00,2023-02-26 07:24:38,2023-02-26 18:26:14,1003,36,-4.94,16.08,351,22.54,0,0.0,2.0,,,9.91,5.75,10.17,5.75,7.59,5.95,5.05,-0.27,2.41,-0.23,800.0,Clear,clear sky,Saintes-Maries-de-la-Mer
189,2023-02-20 13:00:00,2023-02-20 07:38:09,2023-02-20 18:25:04,1026,62,7.93,4.12,134,4.45,36,0.0,3.05,,,15.87,10.45,15.87,10.45,13.12,11.45,15.13,9.8,12.55,10.64,802.0,Clouds,scattered clouds,Collioure
190,2023-02-21 13:00:00,2023-02-21 07:36:40,2023-02-21 18:26:20,1020,64,7.51,3.24,344,4.27,58,0.0,3.04,,,15.07,9.37,15.37,11.22,12.18,9.37,14.3,10.62,11.65,9.07,803.0,Clouds,broken clouds,Collioure
191,2023-02-22 13:00:00,2023-02-22 07:35:10,2023-02-22 18:27:37,1018,64,8.39,3.66,282,5.37,78,0.34,2.6,0.58,,15.91,10.6,16.16,12.4,13.81,10.6,15.23,11.84,13.26,9.86,500.0,Rain,light rain,Collioure
192,2023-02-23 13:00:00,2023-02-23 07:33:39,2023-02-23 18:28:52,1014,79,4.49,5.94,324,7.67,100,0.67,0.74,5.95,,8.45,7.4,12.71,7.99,7.6,11.1,5.82,7.46,6.11,10.51,501.0,Rain,moderate rain,Collioure
193,2023-02-24 13:00:00,2023-02-24 07:32:06,2023-02-24 18:30:08,1010,84,9.03,4.76,324,5.89,99,0.53,1.42,1.19,,12.29,8.05,13.07,8.86,10.03,9.52,11.77,6.36,9.31,9.52,500.0,Rain,light rain,Collioure
194,2023-02-25 13:00:00,2023-02-25 07:30:33,2023-02-25 18:31:23,1005,69,6.39,11.52,332,17.15,96,0.97,2.0,3.79,,12.39,8.24,12.39,9.73,10.18,8.24,11.49,5.55,9.16,5.28,500.0,Rain,light rain,Collioure
195,2023-02-26 13:00:00,2023-02-26 07:28:59,2023-02-26 18:32:38,1005,49,-0.8,16.17,328,21.25,0,0.06,2.0,,,10.01,6.34,10.01,7.3,7.87,6.34,8.35,1.7,2.35,0.76,800.0,Clear,clear sky,Collioure
196,2023-02-20 13:00:00,2023-02-20 07:42:02,2023-02-20 18:27:03,1025,42,4.26,5.12,91,7.83,32,0.0,2.86,,,18.0,7.69,18.09,9.06,14.37,7.74,16.95,6.88,13.43,6.16,802.0,Clouds,scattered clouds,Carcassonne
197,2023-02-21 13:00:00,2023-02-21 07:40:31,2023-02-21 18:28:21,1019,61,6.77,5.72,98,8.4,74,0.06,2.78,,,14.95,7.33,15.78,10.58,12.09,7.33,14.09,9.91,11.26,4.88,803.0,Clouds,broken clouds,Carcassonne
198,2023-02-22 13:00:00,2023-02-22 07:38:59,2023-02-22 18:29:40,1019,79,9.04,4.05,293,6.46,96,0.57,0.6,,,13.44,8.68,14.42,10.96,12.24,8.68,12.9,10.46,11.63,7.23,804.0,Clouds,overcast clouds,Carcassonne
199,2023-02-23 13:00:00,2023-02-23 07:37:26,2023-02-23 18:30:57,1015,89,3.77,7.79,276,13.0,100,0.98,0.21,4.26,,6.13,4.45,10.51,6.34,6.36,4.45,3.53,6.34,6.36,0.13,501.0,Rain,moderate rain,Carcassonne
200,2023-02-24 13:00:00,2023-02-24 07:35:52,2023-02-24 18:32:15,1012,89,4.24,3.25,279,6.35,100,0.51,1.35,0.58,,6.66,5.84,6.82,5.84,5.89,6.05,4.35,3.34,3.68,5.23,500.0,Rain,light rain,Carcassonne
201,2023-02-25 13:00:00,2023-02-25 07:34:17,2023-02-25 18:33:32,1008,90,4.0,7.37,290,11.5,100,0.81,2.0,1.87,,6.4,5.44,7.17,6.58,6.29,5.44,3.39,2.42,2.75,2.59,500.0,Rain,light rain,Carcassonne
202,2023-02-26 13:00:00,2023-02-26 07:32:40,2023-02-26 18:34:49,1010,52,-2.89,10.77,294,14.72,7,0.17,2.0,,,7.03,0.86,8.83,3.41,5.83,0.86,2.1,-1.18,1.27,-5.16,800.0,Clear,clear sky,Carcassonne
203,2023-02-20 13:00:00,2023-02-20 07:45:26,2023-02-20 18:31:12,1024,35,-0.82,2.49,181,2.35,68,0.0,3.08,,,14.35,2.93,14.35,6.13,10.5,2.94,12.75,4.25,8.23,0.82,803.0,Clouds,broken clouds,Ariège
204,2023-02-21 13:00:00,2023-02-21 07:43:55,2023-02-21 18:32:29,1017,42,2.41,3.07,324,4.2,96,0.35,2.42,0.44,,14.11,4.59,14.11,4.59,7.25,5.91,12.67,4.59,7.25,4.05,500.0,Rain,light rain,Ariège
205,2023-02-22 13:00:00,2023-02-22 07:42:24,2023-02-22 18:33:47,1019,90,5.64,1.64,302,2.67,94,1.0,1.04,2.6,,5.55,2.76,7.24,4.19,4.95,3.66,5.55,4.19,4.95,3.66,500.0,Rain,light rain,Ariège
206,2023-02-23 13:00:00,2023-02-23 07:40:52,2023-02-23 18:35:04,1015,94,0.72,3.71,282,8.02,100,1.0,0.54,2.85,16.03,-0.11,-1.56,4.03,-0.94,-0.56,-0.87,-0.11,-0.94,-0.56,-2.66,616.0,Snow,rain and snow,Ariège
207,2023-02-24 13:00:00,2023-02-24 07:39:18,2023-02-24 18:36:21,1011,95,1.5,1.1,346,2.17,91,0.97,2.12,,6.65,0.61,-1.56,0.63,-0.75,-0.29,-1.38,0.61,-0.75,-0.29,-1.38,601.0,Snow,snow,Ariège
208,2023-02-25 13:00:00,2023-02-25 07:37:44,2023-02-25 18:37:37,1008,98,1.34,1.83,295,5.58,100,0.66,3.0,1.11,0.72,0.03,-1.29,0.13,0.13,-0.45,-0.87,0.03,-2.09,-0.45,-0.87,616.0,Snow,rain and snow,Ariège
209,2023-02-26 13:00:00,2023-02-26 07:36:09,2023-02-26 18:38:53,1014,80,-3.5,4.33,293,7.5,64,0.4,3.0,,1.04,-2.04,-4.08,-0.63,-4.08,-3.51,-3.94,-7.03,-6.91,-6.36,-7.41,601.0,Snow,snow,Ariège
210,2023-02-20 13:00:00,2023-02-20 07:46:13,2023-02-20 18:30:07,1025,53,6.09,4.98,126,10.12,46,0.0,2.69,,,15.69,6.82,18.97,9.74,17.64,6.98,14.7,7.29,16.69,6.98,802.0,Clouds,scattered clouds,Toulouse
211,2023-02-21 13:00:00,2023-02-21 07:44:40,2023-02-21 18:31:27,1018,56,6.56,4.69,123,9.68,82,0.5,2.37,0.43,,15.37,7.87,16.76,11.44,13.53,8.01,14.42,10.99,12.77,5.3,500.0,Rain,light rain,Toulouse
212,2023-02-22 13:00:00,2023-02-22 07:43:07,2023-02-22 18:32:46,1019,84,9.54,3.83,283,5.85,98,1.0,0.71,4.64,,12.37,9.29,14.75,10.21,11.06,9.59,11.86,9.69,10.55,9.01,500.0,Rain,light rain,Toulouse
213,2023-02-23 13:00:00,2023-02-23 07:41:33,2023-02-23 18:34:05,1015,79,3.51,7.75,285,11.49,100,1.0,0.83,10.23,,6.95,5.23,9.98,5.7,6.19,5.52,5.37,4.73,4.79,1.82,501.0,Rain,moderate rain,Toulouse
214,2023-02-24 13:00:00,2023-02-24 07:39:57,2023-02-24 18:35:24,1012,84,3.21,3.13,312,3.78,100,0.98,0.39,2.67,,5.74,4.41,6.36,5.62,5.78,4.41,3.73,4.65,5.78,2.7,500.0,Rain,light rain,Toulouse
215,2023-02-25 13:00:00,2023-02-25 07:38:21,2023-02-25 18:36:42,1009,91,4.46,4.28,265,7.48,100,0.46,1.0,1.88,,5.88,5.12,7.42,5.56,6.21,5.12,3.8,3.43,3.2,3.13,500.0,Rain,light rain,Toulouse
216,2023-02-26 13:00:00,2023-02-26 07:36:43,2023-02-26 18:38:00,1013,52,-2.56,7.16,312,10.53,18,0.12,1.0,,,6.84,-0.17,8.59,2.11,4.9,-0.17,2.85,-2.1,1.67,-4.49,801.0,Clouds,few clouds,Toulouse
217,2023-02-20 13:00:00,2023-02-20 07:47:10,2023-02-20 18:29:53,1025,56,6.4,2.64,123,2.79,37,0.0,2.71,,,15.08,6.25,19.28,9.34,17.88,6.43,14.11,7.95,17.32,6.43,802.0,Clouds,scattered clouds,Montauban
218,2023-02-21 13:00:00,2023-02-21 07:45:36,2023-02-21 18:31:14,1019,53,5.68,3.01,118,4.86,86,0.49,2.37,0.62,,15.36,7.0,17.18,11.46,13.46,7.01,14.34,10.96,12.69,4.96,500.0,Rain,light rain,Montauban
219,2023-02-22 13:00:00,2023-02-22 07:44:01,2023-02-22 18:32:34,1019,90,9.92,2.4,241,4.9,100,1.0,1.33,4.27,,11.67,8.94,12.99,10.13,11.09,9.58,11.24,9.63,10.58,9.21,500.0,Rain,light rain,Montauban
220,2023-02-23 13:00:00,2023-02-23 07:42:26,2023-02-23 18:33:55,1015,84,4.1,9.48,298,13.21,100,1.0,0.74,11.34,,6.68,5.37,9.97,5.37,5.87,5.77,4.85,3.49,3.78,2.22,501.0,Rain,moderate rain,Montauban
221,2023-02-24 13:00:00,2023-02-24 07:40:49,2023-02-24 18:35:15,1012,87,3.59,2.95,291,3.74,100,1.0,0.36,3.79,,5.59,4.46,6.28,5.72,5.85,4.46,3.71,4.81,5.85,2.78,500.0,Rain,light rain,Montauban
222,2023-02-25 13:00:00,2023-02-25 07:39:11,2023-02-25 18:36:35,1008,89,5.74,4.47,6,9.0,100,0.28,1.0,0.12,,7.5,4.46,8.81,4.46,8.23,5.44,7.5,0.93,6.98,4.07,500.0,Rain,light rain,Montauban
223,2023-02-26 13:00:00,2023-02-26 07:37:33,2023-02-26 18:37:54,1012,46,-2.88,7.18,342,9.82,5,0.0,1.0,,,7.99,0.22,8.95,1.71,4.43,0.22,4.3,-2.28,0.85,-3.52,800.0,Clear,clear sky,Montauban
224,2023-02-20 13:00:00,2023-02-20 07:58:00,2023-02-20 18:42:18,1023,59,8.79,3.73,82,6.14,87,0.0,2.74,,,17.04,9.05,19.32,13.32,18.32,9.16,16.34,12.56,17.7,7.67,804.0,Clouds,overcast clouds,Biarritz
225,2023-02-21 13:00:00,2023-02-21 07:56:28,2023-02-21 18:43:37,1020,64,7.9,3.82,249,7.36,100,0.34,1.91,,,14.8,11.57,14.8,11.83,11.85,11.72,14.01,11.5,11.47,10.78,804.0,Clouds,overcast clouds,Biarritz
226,2023-02-22 13:00:00,2023-02-22 07:54:55,2023-02-22 18:44:57,1020,89,10.4,9.69,336,12.46,100,1.0,1.44,11.19,,12.2,9.19,12.61,9.19,10.75,11.17,11.8,5.21,10.28,10.72,502.0,Rain,heavy intensity rain,Biarritz
227,2023-02-23 13:00:00,2023-02-23 07:53:21,2023-02-23 18:46:15,1016,81,3.96,7.14,318,11.26,100,1.0,1.91,20.38,,7.1,6.4,7.79,6.4,6.45,7.49,7.1,5.41,6.45,4.93,502.0,Rain,heavy intensity rain,Biarritz
228,2023-02-24 13:00:00,2023-02-24 07:51:46,2023-02-24 18:47:34,1012,79,4.11,3.26,217,4.74,98,0.76,1.04,2.0,,7.47,4.46,7.98,6.06,7.19,4.58,5.31,4.32,7.19,3.69,500.0,Rain,light rain,Biarritz
229,2023-02-25 13:00:00,2023-02-25 07:50:10,2023-02-25 18:48:52,1010,88,3.78,4.82,39,8.2,93,0.49,2.0,0.67,,5.54,3.97,7.31,6.86,7.31,3.97,5.54,3.74,7.31,0.96,500.0,Rain,light rain,Biarritz
230,2023-02-26 13:00:00,2023-02-26 07:48:33,2023-02-26 18:50:09,1017,61,-0.52,5.99,45,9.68,18,0.03,2.0,,,6.55,1.62,8.04,5.01,6.44,1.62,4.23,0.91,3.59,-1.82,801.0,Clouds,few clouds,Biarritz
231,2023-02-20 13:00:00,2023-02-20 07:57:43,2023-02-20 18:41:57,1023,58,8.92,3.61,84,6.46,91,0.0,2.75,,,17.56,8.84,19.63,13.14,18.57,8.97,16.89,12.42,18.0,7.49,804.0,Clouds,overcast clouds,Bayonne
232,2023-02-21 13:00:00,2023-02-21 07:56:11,2023-02-21 18:43:17,1020,64,8.3,3.83,273,7.9,99,0.32,1.98,,,15.23,11.64,15.23,12.02,11.95,11.66,14.48,11.73,11.6,10.71,804.0,Clouds,overcast clouds,Bayonne
233,2023-02-22 13:00:00,2023-02-22 07:54:38,2023-02-22 18:44:36,1020,89,10.64,8.89,338,12.12,100,0.99,1.09,10.78,,12.61,9.64,13.05,9.64,10.98,11.39,12.25,5.98,10.56,11.01,502.0,Rain,heavy intensity rain,Bayonne
234,2023-02-23 13:00:00,2023-02-23 07:53:04,2023-02-23 18:45:54,1016,83,4.51,7.34,318,12.07,100,1.0,1.42,20.02,,7.43,6.19,8.03,6.19,6.83,7.74,7.43,5.45,6.83,5.49,502.0,Rain,heavy intensity rain,Bayonne
235,2023-02-24 13:00:00,2023-02-24 07:51:29,2023-02-24 18:47:13,1012,80,4.42,3.16,220,4.68,98,0.72,0.59,0.46,,7.82,4.28,8.56,5.16,7.48,4.45,5.84,3.06,7.48,4.45,500.0,Rain,light rain,Bayonne
236,2023-02-25 13:00:00,2023-02-25 07:49:53,2023-02-25 18:48:31,1010,89,3.79,3.7,39,7.52,96,0.48,1.0,0.74,,5.66,3.56,7.28,6.47,7.28,3.58,5.66,3.83,7.28,0.82,500.0,Rain,light rain,Bayonne
237,2023-02-26 13:00:00,2023-02-26 07:48:16,2023-02-26 18:49:49,1016,58,-0.62,5.17,45,10.54,12,0.04,1.0,,,7.28,1.1,8.88,4.67,6.08,1.1,5.35,0.84,3.59,-1.67,801.0,Clouds,few clouds,Bayonne
238,2023-02-20 13:00:00,2023-02-20 08:00:24,2023-02-20 18:36:42,1026,67,6.39,4.79,59,6.65,14,0.0,2.29,,,12.49,6.13,14.07,9.05,13.56,6.3,11.54,7.07,12.69,3.52,801.0,Clouds,few clouds,La Rochelle
239,2023-02-21 13:00:00,2023-02-21 07:58:43,2023-02-21 18:38:10,1017,73,7.61,4.75,231,8.03,100,0.05,1.81,,,12.38,8.39,12.68,9.94,10.35,8.7,11.58,7.61,9.97,6.38,804.0,Clouds,overcast clouds,La Rochelle
240,2023-02-22 13:00:00,2023-02-22 07:57:02,2023-02-22 18:39:37,1017,84,7.99,7.48,317,10.33,100,0.88,1.17,1.18,,10.66,6.92,10.66,6.92,8.19,9.95,9.97,3.18,5.2,7.48,500.0,Rain,light rain,La Rochelle
241,2023-02-23 13:00:00,2023-02-23 07:55:19,2023-02-23 18:41:05,1017,60,0.21,5.28,349,7.22,51,0.67,2.01,0.32,,7.48,4.99,8.31,6.65,7.76,5.34,6.17,3.98,5.71,2.86,500.0,Rain,light rain,La Rochelle
242,2023-02-24 13:00:00,2023-02-24 07:53:35,2023-02-24 18:42:32,1011,94,6.41,5.91,49,9.87,100,0.91,1.48,5.91,,7.34,6.2,7.53,7.0,7.27,7.18,5.19,5.73,5.84,3.96,500.0,Rain,light rain,La Rochelle
243,2023-02-25 13:00:00,2023-02-25 07:51:50,2023-02-25 18:43:59,1014,63,1.39,10.55,47,14.34,57,0.0,2.0,,,8.03,5.83,9.18,5.83,7.49,6.5,3.48,1.16,3.22,2.65,803.0,Clouds,broken clouds,La Rochelle
244,2023-02-26 13:00:00,2023-02-26 07:50:05,2023-02-26 18:45:25,1019,55,-1.66,9.99,46,15.52,6,0.0,2.0,,,6.88,2.62,7.94,3.12,5.46,2.62,2.08,-1.78,0.67,-3.28,800.0,Clear,clear sky,La Rochelle
